1234567,Emily  Johnson,4/10/2018,58000
2345678, Alexander  Kuznetsov,6/18/2010,46000
3456789, Mia  Wong,6/16/2011,49000
4567890, Noah  Miller,9/10/2019,41000
5678901, Isabella  Rossi,3/6/2020,54000
6789012, Liam  Hernandez,5/17/2016,61000
7890123, Sofia  Kim,3/22/2011,47000
8901234, Mason  Dubois,8/28/2019,44000
9012345, Ava  Kovak,11/8/2010,57000
123456, William  Garcia,8/4/2011,60000
1234568, Abigail  Yamamoto,11/30/2019,50000
2345679, Ethan  Papadopoulos,3/27/2020,43000
3456780, Madison  da Silva,11/17/2014,55000
4567891, Daniel  Nkosi,10/19/2012,48000
5678902, Chloe  Leclerc,12/28/2014,46000
6789013, Jacob  O'Sullivan,1/17/2017,42000
7890124, Ella  Nowak,1/9/2016,53000
8901235, Michael  Murphy,7/29/2017,61000
9012346, Zoe  Jorgensen,3/1/2012,48000
123457, Sophia  Gagnon,2/24/2012,41000
1234569, Benjamin  Silva,7/31/2017,56000
2345670, Lily  Smirnov,2/4/2015,59000
3456781, Aiden  Kowalski,1/12/2012,47000
4567892, Grace  Schmitt,1/17/2011,45000
5678903, Matthew  Ali,12/4/2018,58000
6789014, Victoria  Gruber,4/24/2019,62000
7890125, Jackson  Taylor,12/19/2011,49000
8901236, Olivia  Andersen,11/28/2016,43000
9012347, Lucas  Mortensen,3/20/2020,54000
123458, Amelia  Persson,6/22/2016,61000
1234570, Gabriel  Santos,4/28/2011,47000
2345681, Hannah  Bernard,8/1/2017,44000
3456792, Logan  López,9/20/2020,57000
4567803, Emma  Ivanov,11/1/2011,60000
5678914, Ryan  Müller,9/26/2015,50000
6789025, Charlotte  Zhang,11/25/2016,43000
7890136, Nathan  Singh,7/10/2014,55000
8901247, Mia  Hansen,12/17/2015,48000
9012358, Jackson  Smith,1/16/2012,47000
123469, Olivia  Brown,5/30/2020,44000
1234580, Ethan  Davis,11/10/2015,56000
2345691, Ava  Miller,1/26/2015,59000
3456702, William  Wilson,11/13/2012,48000
4567813, Sophia  Moore,10/14/2018,42000
5678924, Isabella  Taylor,1/7/2013,53000
6789035, Michael  Anderson,11/26/2015,61000
7890146, Emily  Thomas,7/13/2012,49000
8901257, Daniel  Jackson,5/30/2014,41000
9012368, Madison  White,12/2/2013,55000
123479, Matthew  Harris,3/4/2020,60000
1234590, Olivia  Martin,8/19/2011,50000
2345601, Noah  Thompson,12/2/2014,43000
3456712, Emma  Garcia,12/13/2018,57000
4567823, Ava  Martinez,5/30/2016,61000
5678934, Sophia  Robinson,6/8/2012,47000
6789045, Jacob  Clark,10/20/2018,45000
7890156, Mia  Rodriguez,9/1/2012,58000
8901267, William  Lewis,11/23/2019,62000
9012378, Ethan  Lee,4/18/2010,49000
123489, Madison  Walker,1/13/2013,43000
1234600, Alexander  Hall,5/11/2014,54000
2345611, Emily  Allen,12/14/2018,61000
3456722, Daniel  Young,6/25/2015,47000
4567833, Isabella  Hernandez,9/24/2020,44000
5678944, Michael  King,3/14/2014,57000
6789055, Sophia  Wright,3/14/2012,60000
7890166, Emma  Lopez,12/29/2017,50000
8901277, Olivia  Hill,5/28/2013,43000
9012388, Noah  Scott,11/25/2016,55000
123499, Ava  Green,1/17/2011,59000
1234610, William  Adams,8/28/2014,48000
2345621, Sophia  Baker,11/8/2019,42000
3456732, Isabella  Gonzalez,1/21/2018,53000
4567843, Michael  Nelson,11/27/2011,61000
5678954, Emily  Carter,12/10/2013,49000
6789065, Daniel  Mitchell,2/9/2018,41000
7890176, Madison  Perez,3/4/2017,55000
8901287, Matthew  Roberts,8/9/2011,60000
9012398, Olivia  Turner,4/17/2013,50000
123509, Noah  Phillips,9/20/2019,43000
1234620, Emma  Campbell,11/20/2013,57000
2345631, Ava  Parker,5/29/2017,61000
3456742, Sophia  Evans,8/29/2013,47000
4567853, Jacob  Edwards,6/23/2017,45000
5678964, Mia  Collins,6/10/2020,58000
6789075, William  Stewart,7/9/2013,62000
7890186, Ethan  Sanchez,3/4/2011,49000
8901297, Madison  Morris,9/5/2016,43000
9012308, Alexander  Rogers,8/3/2019,54000
123519, Emily  Reed,7/30/2013,61000
1234630, Daniel  Cook,6/16/2020,47000
2345641, Isabella  Morgan,6/4/2017,44000
3456752, Michael  Bell,8/20/2014,57000
4567863, Sophia  Murphy,9/28/2020,60000
5678974, Emma  Bailey,7/9/2015,50000
6789085, Olivia  Rivera,6/24/2013,43000
7890196, Noah  Cooper,5/19/2019,55000
8901307, Ava  Richardson,11/7/2011,59000
9012318, William  Cox,4/21/2017,48000
123529, Sophia  Howard,3/10/2014,42000